State,Year,Area(HA),Production(MT),Yield,annual_rainfall_mm,Year_num
Andaman & Nicobar,2020-21,35,118,3.371,1630.125172413793,2020
Andaman & Nicobar,2021-22,98,340,3.469,1630.125172413793,2021
Andaman & Nicobar,2022-23,95,370,3.895,1630.125172413793,2022
Andaman & Nicobar,2023-24,63,167,2.651,1630.125172413793,2023
Andaman & Nicobar,2024-25,63,167,2.651,1630.125172413793,2024
Andhra Pradesh,2020-21,177456,796653,4.489,1277.73,2020
Andhra Pradesh,2021-22,225067,417813,1.856,1195.69,2021
Andhra Pradesh,2022-23,258204,1458787,5.65,1072.42,2022
Andhra Pradesh,2023-24,269748,1212896,4.496,879.31,2023
Andhra Pradesh,2024-25,176572,1032946,5.85,1063.45,2024
Arunachal Pradesh,2020-21,1062,2377,2.238,2702.11,2020
Arunachal Pradesh,2021-22,3,5,1.667,1968.99,2021
Arunachal Pradesh,2022-23,323,978,3.028,2756.33,2022
Arunachal Pradesh,2023-24,5,15,3.0,2139.01,2023
Arunachal Pradesh,2024-25,5,15,3.0,2004.7,2024
Assam,2020-21,20459,20189,0.987,2403.07,2020
Assam,2021-22,20307,20611,1.015,1662.86,2021
Assam,2022-23,21536,22270,1.034,2461.2,2022
Assam,2023-24,20907,21682,1.037,1958.94,2023
Assam,2024-25,21002,21794,1.038,2108.56,2024
Bihar,2020-21,1622,3652,2.252,1654.71,2020
Bihar,2021-22,1338,3617,2.703,1631.79,2021
Bihar,2022-23,1450,2961,2.042,1028.05,2022
Bihar,2023-24,2646,4644,1.755,996.06,2023
Bihar,2024-25,2646,4644,1.755,1020.06,2024
Chhattisgarh,2020-21,5415,3249,0.6,1521.31,2020
Chhattisgarh,2021-22,4720,3107,0.658,1271.37,2021
Chhattisgarh,2022-23,4901,3204,0.654,1386.07,2022
Chhattisgarh,2023-24,4443,2909,0.655,1251.29,2023
Chhattisgarh,2024-25,4443,2909,0.655,1413.97,2024
Goa,2020-21,0,0,0.0,4456.41,2020
Goa,2021-22,0,0,0.0,4050.64,2021
Goa,2022-23,0,0,0.0,3465.8,2022
Goa,2023-24,0,0,0.0,3671.82,2023
Goa,2024-25,0,0,0.0,5126.55,2024
Gujarat,2020-21,11930,23345,1.957,1119.59,2020
Gujarat,2021-22,14388,28778,2.0,782.89,2021
Gujarat,2022-23,14059,30651,2.18,938.68,2022
Gujarat,2023-24,15380,36128,2.349,890.99,2023
Gujarat,2024-25,15380,36128,2.349,1136.47,2024
Haryana,2020-21,0,0,0.0,573.68,2020
Haryana,2021-22,0,0,0.0,723.13,2021
Haryana,2022-23,0,0,0.0,704.35,2022
Haryana,2023-24,0,0,0.0,611.35,2023
Haryana,2024-25,0,0,0.0,516.48,2024
Himachal Pradesh,2020-21,643,397,0.617,955.61,2020
Himachal Pradesh,2021-22,692,433,0.626,1034.47,2021
Himachal Pradesh,2022-23,600,367,0.612,1070.92,2022
Himachal Pradesh,2023-24,515,322,0.625,1255.96,2023
Himachal Pradesh,2024-25,535,337,0.63,949.22,2024
Jharkhand,2020-21,0,0,0.0,1264.73,2020
Jharkhand,2021-22,0,0,0.0,1467.23,2021
Jharkhand,2022-23,0,0,0.0,1009.18,2022
Jharkhand,2023-24,0,0,0.0,1109.61,2023
Jharkhand,2024-25,0,0,0.0,1294.02,2024
Karnataka,2020-21,85598,147049,1.718,1439.1,2020
Karnataka,2021-22,130391,177311,1.36,1463.89,2021
Karnataka,2022-23,109730,162833,1.484,1538.25,2022
Karnataka,2023-24,170915,280628,1.642,938.34,2023
Karnataka,2024-25,219260,336520,1.535,1338.4,2024
Kerala,2020-21,0,0,0.0,2804.58,2020
Kerala,2021-22,0,0,0.0,3357.84,2021
Kerala,2022-23,0,0,0.0,2837.95,2022
Kerala,2023-24,0,0,0.0,2341.64,2023
Kerala,2024-25,0,0,0.0,2885.54,2024
Madhya Pradesh,2020-21,122198,315598,2.583,1100.34,2020
Madhya Pradesh,2021-22,122425,319824,2.612,1099.84,2021
Madhya Pradesh,2022-23,117375,279820,2.384,1321.08,2022
Madhya Pradesh,2023-24,114659,301556,2.63,1076.3,2023
Madhya Pradesh,2024-25,117379,311265,2.652,1217.78,2024
Maharashtra,2020-21,5605,24484,4.368,1400.99,2020
Maharashtra,2021-22,5773,19876,3.443,1475.27,2021
Maharashtra,2022-23,6110,21152,3.462,1435.65,2022
Maharashtra,2023-24,6779,16694,2.463,1139.84,2023
Maharashtra,2024-25,6779,16694,2.463,1458.69,2024
Manipur,2020-21,0,0,0.0,1340.52,2020
Manipur,2021-22,2600,1560,0.6,938.53,2021
Manipur,2022-23,1820,1092,0.6,1393.81,2022
Manipur,2023-24,300,3814,12.713,909.15,2023
Manipur,2024-25,300,3814,12.713,1385.65,2024
Meghalaya,2020-21,0,0,0.0,5393.12,2020
Meghalaya,2021-22,0,0,0.0,3771.57,2021
Meghalaya,2022-23,0,0,0.0,5522.59,2022
Meghalaya,2023-24,0,0,0.0,3292.98,2023
Meghalaya,2024-25,0,0,0.0,3972.01,2024
Mizoram,2020-21,11196,10918,0.975,1721.99,2020
Mizoram,2021-22,11196,10918,0.975,1832.21,2021
Mizoram,2022-23,10030,9960,0.993,1983.82,2022
Mizoram,2023-24,10936,10918,0.998,1701.38,2023
Mizoram,2024-25,10936,10918,0.998,1830.27,2024
Nagaland,2020-21,1980,4328,2.186,1569.82,2020
Nagaland,2021-22,1285,1572,1.223,1061.54,2021
Nagaland,2022-23,2056,4435,2.157,1587.4,2022
Nagaland,2023-24,2077,4516,2.174,1785.62,2023
Nagaland,2024-25,2077,4516,2.174,2056.33,2024
Odisha,2020-21,71700,69280,0.966,1612.55,2020
Odisha,2021-22,71699,69257,0.966,1476.23,2021
Odisha,2022-23,74348,89000,1.197,1462.54,2022
Odisha,2023-24,74348,89000,1.197,1408.46,2023
Odisha,2024-25,74348,89000,1.197,1348.16,2024
Punjab,2020-21,8777,17630,2.009,627.59,2020
Punjab,2021-22,9920,19963,2.012,628.1,2021
Punjab,2022-23,10614,21416,2.018,698.26,2022
Punjab,2023-24,11398,23091,2.026,744.69,2023
Punjab,2024-25,11398,23091,2.026,477.89,2024
Rajasthan,2020-21,6603,10925,1.655,478.06,2020
Rajasthan,2021-22,7861,13378,1.702,563.37,2021
Rajasthan,2022-23,6397,11738,1.835,635.59,2022
Rajasthan,2023-24,5831,12933,2.218,596.78,2023
Rajasthan,2024-25,8048,14388,1.788,685.53,2024
Sikkim,2020-21,0,0,0.0,3584.88,2020
Sikkim,2021-22,0,0,0.0,3187.06,2021
Sikkim,2022-23,0,0,0.0,3622.93,2022
Sikkim,2023-24,0,0,0.0,3072.53,2023
Sikkim,2024-25,0,0,0.0,3297.59,2024
Tamil Nadu,2020-21,54232,25057,0.462,1046.2,2020
Tamil Nadu,2021-22,53173,26382,0.496,1452.47,2021
Tamil Nadu,2022-23,52703,25292,0.48,1159.69,2022
Tamil Nadu,2023-24,48203,28559,0.592,1059.89,2023
Tamil Nadu,2024-25,49167,30592,0.622,1201.62,2024
Telangana,2020-21,89156,536541,6.018,1410.56,2020
Telangana,2021-22,157107,651344,4.146,1221.6,2021
Telangana,2022-23,112393,573206,5.1,1339.01,2022
Telangana,2023-24,158827,794422,5.002,1134.89,2023
Telangana,2024-25,153739,688541,4.479,1219.71,2024
Tripura,2020-21,2825,6698,2.371,1912.48,2020
Tripura,2021-22,2975,6960,2.339,1622.94,2021
Tripura,2022-23,2805,8338,2.973,1786.65,2022
Tripura,2023-24,2806,8362,2.98,1928.85,2023
Tripura,2024-25,2806,8362,2.98,2226.65,2024
Uttar Pradesh,2020-21,13600,12065,0.887,868.01,2020
Uttar Pradesh,2021-22,31074,25410,0.818,1061.02,2021
Uttar Pradesh,2022-23,32123,27491,0.856,856.35,2022
Uttar Pradesh,2023-24,32680,29629,0.907,776.06,2023
Uttar Pradesh,2024-25,32680,29629,0.907,847.67,2024
Uttarakhand,2020-21,2869,9685,3.376,1515.75,2020
Uttarakhand,2021-22,2751,9334,3.393,1819.62,2021
Uttarakhand,2022-23,3724,10745,2.885,1603.89,2022
Uttarakhand,2023-24,3513,10041,2.858,1595.37,2023
Uttarakhand,2024-25,3373,10116,2.999,1693.16,2024
West Bengal,2020-21,4930,7821,1.586,2163.48,2020
West Bengal,2021-22,4508,7783,1.726,2102.42,2021
West Bengal,2022-23,7593,15413,2.03,1650.1,2022
West Bengal,2023-24,7913,16351,2.066,1723.23,2023
West Bengal,2024-25,7913,16350,2.066,1965.99,2024
Jammu and Kashmir,2020-21,664,551,0.83,574.98,2020
Jammu and Kashmir,2021-22,639,512,0.801,471.73,2021
Jammu and Kashmir,2022-23,613,470,0.767,507.57,2022
Jammu and Kashmir,2023-24,714,558,0.782,455.57,2023
Jammu and Kashmir,2024-25,685,520,0.759,453.73,2024
